INSERT INTO category (category_id, category) VALUES (1, 'clothing');
INSERT INTO category (category_id, category) VALUES (2, 'utensils');
INSERT INTO category (category_id, category) VALUES (3, 'bags');
INSERT INTO category (category_id, category) VALUES (4, 'office supplies');
INSERT INTO category (category_id, category) VALUES (5, 'fashion accessory');
INSERT INTO category (category_id, category) VALUES (6, 'electronics');
INSERT INTO category (category_id, category) VALUES (7, 'sports equipment');

INSERT INTO catalog (item_id, name, description, category, price) VALUES ('329299', 'Quarkus T-shirt', 'Our T-Shirt is an everyday essential! This short-sleeve heavyweight T-shirt is comfortable, economical and made to last. Designed with a traditional fit that runs true to size, he’ll show off his personality, humor and interests with an easy, relaxed style.', 1, 10.00);
INSERT INTO catalog (item_id, name, description, category, price) VALUES ('329199', 'Pronounced Kubernetes', 'Our Men''s Value T-Shirt is an everyday essential! This short-sleeve heavyweight T-shirt is comfortable, economical and made to last. Designed with a traditional fit that runs true to size, he’ll show off his personality, humor and interests with an easy, relaxed style.', 1, 9.00);
INSERT INTO catalog (item_id, name, description, category, price) VALUES ('165613', 'Knit socks', 'Lorem ipsum dolor sit amet, consectetur adipiscing elit. Ut urna leo, cursus a fringilla et, aliquam at tellus. Praesent est nulla, mattis in auctor vitae, commodo sed eros. Etiam volutpat a felis vel elementum. Duis ut vestibulum orci, ut hendrerit felis. Nulla nunc lectus, luctus ut tortor a, sollicitudin gravida dolor. Integer euismod, velit non tempor mattis, odio neque ornare neque, nec sollicitudin elit massa nec ante.', 1, 4.15);
INSERT INTO catalog (item_id, name, description, category, price) VALUES ('165614', 'Quarkus H2Go water bottle', 'Copper vacuum insulated sport bottle with 650 ml capacity. Durable, double wall stainless steel vacuum construction with copper insulation, which allows your beverage to stay cold for 48 hours and at least 12 hours for hot beverages. The construction also prevents condensation on the outside of the bottle. Material: Stainless Steel. Colour: Black Height:27,20 cm Diameter:7,20 cm Weight:380 gram', 2, 14.45);
INSERT INTO catalog (item_id, name, description, category, price) VALUES ('165954', 'Patagonia Refugio pack 28L', 'Lorem ipsum dolor sit amet, consectetur adipiscing elit. Ut urna leo, cursus a fringilla et, aliquam at tellus. Praesent est nulla, mattis in auctor vitae, commodo sed eros. Etiam volutpat a felis vel elementum. Duis ut vestibulum orci, ut hendrerit felis. Nulla nunc lectus, luctus ut tortor a, sollicitudin gravida dolor. Integer euismod, velit non tempor mattis, odio neque ornare neque, nec sollicitudin elit massa nec ante.', 3, 56.00);
INSERT INTO catalog (item_id, name, description, category, price) VALUES ('444434', 'Red Hat Impact T-shirt', 'Our T-Shirt is an everyday essential! This short-sleeve heavyweight T-shirt is comfortable, economical and made to last. Designed with a traditional fit that runs true to size, he''ll show off his personality, humor and interests with an easy, relaxed style.', 1, 9.00);
INSERT INTO catalog (item_id, name, description, category, price) VALUES ('444435', 'Quarkus twill cap', 'Lorem ipsum dolor sit amet, consectetur adipiscing elit. Ut urna leo, cursus a fringilla et, aliquam at tellus. Praesent est nulla, mattis in auctor vitae, commodo sed eros. Etiam volutpat a felis vel elementum. Duis ut vestibulum orci, ut hendrerit felis. Nulla nunc lectus, luctus ut tortor a, sollicitudin gravida dolor. Integer euismod, velit non tempor mattis, odio neque ornare neque, nec sollicitudin elit massa nec ante.', 1, 13.00 );
INSERT INTO catalog (item_id, name, description, category, price) VALUES ('444437', 'Nanobloc Universal Webcam Cover', 'Lorem ipsum dolor sit amet, consectetur adipiscing elit. Ut urna leo, cursus a fringilla et, aliquam at tellus. Praesent est nulla, mattis in auctor vitae, commodo sed eros. Etiam volutpat a felis vel elementum. Duis ut vestibulum orci, ut hendrerit felis. Nulla nunc lectus, luctus ut tortor a, sollicitudin gravida dolor. Integer euismod, velit non tempor mattis, odio neque ornare neque, nec sollicitudin elit massa nec ante.', 4, 2.75);
INSERT INTO catalog (item_id, name, description, category, price) VALUES ('RHNL-006', 'Red Hat T-shirt', 'Interior custom branding options. Tearaway-cutaway main label for tagless comfort. Tubular knit. Crew neck. Flat knit collar. Self fabric necktape. Single Jersey knit of 100% Cotton, 150 g/m2. Colour: Black', 1, 11.25);
INSERT INTO catalog (item_id, name, description, category, price) VALUES ('RHNL-018', 'We Are Red Hat Week T-Shirt', 'Interior custom branding options. Tearaway-cutaway main label for tagless comfort. Tubular knit. Crew neck. Flat knit collar. Self fabric necktape. Single Jersey knit of 100% Cotton, 150 g/m2. Colour: Black', 1, 13.50);
INSERT INTO catalog (item_id, name, description, category, price) VALUES ('RHNL-007', 'Red Hat Recycled Polo', 'Short sleeve men''s GOTS organic GRS recycled polo. Sustainable promotional apparel. Sustainable metal buttons. Flat knit collar. Flat knit rib cuffs. Two button placket. Bi-coloured necktape. Double needle stitching detail. Material: Piqué knit of 70% GOTS certified organic cotton and 30% GRS certified recycled polyester, 220 g/m2. Colour: Black', 1, 29.00);
INSERT INTO catalog (item_id, name, description, category, price) VALUES ('RHNL-017', 'We Are Red Hat Week Sweatshirt', 'Interior custom branding options. Tearaway-cutaway main label for tagless comfort. Crew neck. Flat knit rib collar. Flat knit rib cuffs. Flat knit rib bottom hem. Brushed on the inside. Self-fabric necktape. Knit of 50% Cotton and 50% Polyester, 240 g/m2.', 1, 26.95);
INSERT INTO catalog (item_id, name, description, category, price) VALUES ('RHNL-009', 'Red Hat Full Zipped Hoodie - Unisex', 'Unisex full zip hoodie with contrast plastic zip. Twin needle stitching detailing. Double fabric hood with contrast inner. Contrast flat lace drawcords. Kangaroo pouch pocket. Ribbed cuff and hem. Worldwide Responsible Accredited Production (WRAP) certified production. Soft cotton faced fabric creates ideal printing surface. Simple tear out label makes it perefct for rebranding. Brushed inner fleece. Branded with Equinix logo. Fabric : 80% Ringspun cotton, 20% Polyester; Weight: 280gsm, Colour:Black/Red', 1, 27.50);
INSERT INTO catalog (item_id, name, description, category, price) VALUES ('RHNL-011', 'Red Hat Cooler Duffle Bag', 'Easy-access 24-can cooler bag. Zippered main compartment holds up to 24 cans. Zippered front compartment. Easy-access pocket allow for quick retrieval of chilled items. Backsaver™ technology combats the strain of carrying a loaded cooler. Ultra Safe™ leak-proof PEVA lining. Collapses for easy storage. 600D Polyester. Material: 420D of Polyester. Colour:Black/Red Product size (cm):30 x 23 x 29', 3, 38.50);
INSERT INTO catalog (item_id, name, description, category, price) VALUES ('RHNL-002', 'Red Hat Ceramic Mug', 'Mug is 340 ml with matte exterior finish and interior colour accent. Dishwasher safe. Material: Ceramic. Capacity: 340ml Color: Black/Red Height: 8,40 cm Diameter:8,80 cm Weight:310 gram', 2, 6.95);
INSERT INTO catalog (item_id, name, description, category, price) VALUES ('RHNL-004', 'Red Hat Black Tumbler', 'Vacuum insulated tumbler and insulator with 330 ml capacity. Double-wall construction, vacuum insulated. Clear, press-on lid with slide closure. Works as a tumbler or drink insulator. Material: Stainless Steel. Colour: Black. Height:13,50 cm Diameter:8,50 cm Weight:235 gram', 2, 12.00);
INSERT INTO catalog (item_id, name, description, category, price) VALUES ('RHNL-016', 'Red Hat White Tumbler', 'Vacuum insulated tumbler and insulator with 330 ml capacity. Double-wall construction, vacuum insulated. Clear, press-on lid with slide closure. Works as a tumbler or drink insulator. Material: Stainless Steel. Colour: White', 2, 12.00);
INSERT INTO catalog (item_id, name, description, category, price) VALUES ('RHNL-005', 'Red Hat Sport Bottle', 'Copper vacuum insulated sport bottle with 650 ml capacity. Durable, double wall stainless steel vacuum construction with copper insulation, which allows your beverage to stay cold for 48 hours and at least 12 hours for hot beverages. The construction also prevents condensation on the outside of the bottle. Material: Stainless Steel. Colour: Black Height:27,20 cm Diameter:7,20 cm Weight:380 gram', 2, 17.25);
INSERT INTO catalog (item_id, name, description, category, price) VALUES ('RHNL-008', 'Red Hat Selfie Light', 'The Webcam Ring Light guarantees perfect lighting for all of your photos. Just clip it onto the top of your phone or laptop, press the on/off button at the bottom, and watch as the ring lights up. You can adjust the brightness of the light to three different levels. This also works great for creating the perfect lighting for a zoom meeting when working from home.', 4, 8.95);
INSERT INTO catalog (item_id, name, description, category, price) VALUES ('RHNL-015', 'Red Hat Recycled Facemask', 'Two-layered face mask. Add-in filter pocket (filter not included). Metal nose bridge. Elastic straps with adjustable stopper. Ergonomic shape to protect mouth and chin. Washable at 60 degrees. Made of lightweight and comfortable 94% certified recycled polyester and 6% elastane. Colour:Solid black', 5, 4.30);
INSERT INTO catalog (item_id, name, description, category, price) VALUES ('RHNAM-257', '3/4" Fedora Lapel Pin', '3/4" silver plated metal lapel pin.', 5, 1.35);
INSERT INTO catalog (item_id, name, description, category, price) VALUES ('RHNAM-023E-RED', '6 Panel Unstructured Cap With Tuck Strap', 'Comfortable 6 panel unstructured cap with tuck strap fits sleek to your head. Garment Washed Cotton Twill Unstructured. Tuck Strap with Slide Closure. Color: Red with Red Hat logo embroidered in white on front of cap.', 1, 5.85);
INSERT INTO catalog (item_id, name, description, category, price) VALUES ('RHNAM-234', 'Women''s Red Hat Black T-Shirt', 'Women''s CVC Tee. 4.3-ounce, 60/40 combed ring spun cotton/poly. 32 singles. 1x1 rib knit neck. Shoulder to shoulder taping. Tear-away label. Side seamed. Fitted.', 1, 11.00);
INSERT INTO catalog (item_id, name, description, category, price) VALUES ('RHNAM-233', 'Red Hat Black T-Shirt', 'Unisex CVC Tee. 4.3-ounce, 60/40 combed ring-spun cotton/poly, 32 singles. 1x1 rib knit neck. Shoulder to shoulder taping. Tear-away label. Side-seamed', 1, 10.00);
INSERT INTO catalog (item_id, name, description, category, price) VALUES ('RHNAM-231', 'Red Hat Fedora Cap Heather Grey T-Shirt', '4.3-ounce Unisex 90/10 combed ring spun cotton/poly, 32 singles. 1x1 rib knit neck. Shoulder to shoulder taping. Tear-away label. Side seamed.', 1, 11.00);
INSERT INTO catalog (item_id, name, description, category, price) VALUES ('RHNAM-232', 'Women''s Red Hat Fedora Cap Heather Grey T-Shirt', 'Comfortable 6 panel unstructured cap with tuck strap fits sleek to your head. Garment Washed Cotton Twill Unstructured. Tuck Strap with Slide Closure. Color: Red with Red Hat logo embroidered in white on front of cap.', 1, 11.00);
INSERT INTO catalog (item_id, name, description, category, price) VALUES ('RHNAM-465', 'WARHW Black T-Shirt', '4.3-ounce, 60/40 combed ring spun cotton/poly, 32 singles. CVC blend. 1x1 rib knit neck. Shoulder to shoulder taping. Tear-away label. Side seamed.', 1, 11.85);
INSERT INTO catalog (item_id, name, description, category, price) VALUES ('RHNAM-255', 'Red Hat Linux Lining T-Shirt', '4.2 oz.(US) 7 oz.(CA), 100% airlume combed and ringspun cotton, 32 singles. Retail fit. Unisex sizing. Coverstitched collar and sleeves. Shoulder-to-shoulder taping. Side seams. Tear-away label. Color: Black', 1, 12.50);
INSERT INTO catalog (item_id, name, description, category, price) VALUES ('RHNAM-179', 'Red Hat Fedora Cap Heather Grey T-Shirt', '4.3-ounce Unisex 90/10 combed ring spun cotton/poly, 32 singles. 1x1 rib knit neck. Shoulder to shoulder taping. Tear-away label. Side seamed.', 1, 11.00);
INSERT INTO catalog (item_id, name, description, category, price) VALUES ('RHNAM-222', 'My Code Is Open Black T-Shirt', 'Unisex Tri-Blend Tee. 4.3-ounce, 50/25/25 poly/combed ring spun cotton/rayon, 30 singles. 1x1 rib knit neck. Shoulder to shoulder taping. Tear-away label. Side seamed.', 1, 14.00);
INSERT INTO catalog (item_id, name, description, category, price) VALUES ('RHNAM-245', 'Red Hat Recycled PET Plastic Pen', 'This gel pen is one of the new eco-friendly items in the Eco-Minded product line. The barrel and cap of this translucent pen are made with 100% post-consumer recycled P.E.T. plastic. Black Ink / Gel ink, 0.7 mm point- Cap-Off.', 4, 0.90);
INSERT INTO catalog (item_id, name, description, category, price) VALUES ('RHNAM-249', 'Red Hat 3/4" Recycled PET Dye-Sublimated Lanyard', '3/4" Recycled PET Dye-Sublimated w/Crimp, Split Ring & Black Metal Bulldog Clip W/ Swivel', 4, 2.75);
INSERT INTO catalog (item_id, name, description, category, price) VALUES ('RHNAM-094-WHT', 'Rechargeable Adjustable LED Webcam Ring Light', 'The Webcam Ring Light guarantees perfect lighting for all of your photos. Just clip it onto the top of your phone or laptop, press the on/off button at the bottom, and watch as the ring lights up. You can adjust the brightness of the light to three different levels. This also works great for creating the perfect lighting for a zoom meeting when working from home.', 4, 6.00);
INSERT INTO catalog (item_id, name, description, category, price) VALUES ('RHNAM-042E', 'Keychain Tool White', 'Keychain Tool White', 5, 5.75);
INSERT INTO catalog (item_id, name, description, category, price) VALUES ('RHNAM-239', 'Neoskin Hard Cover Journal', 'This hard-cover journal features a gusseted interior pocket to store your important business materials; 192 ivory-lined, acid free pages for your pen to glide on; a ribbon to double as a bookmark and an elastic closure to mark the next blank page. Product dimensions: (5.750"" x 8.375""). Journal inner page dimension is 5 1/2" x 8 3/16"', 4, 11.00);
INSERT INTO catalog (item_id, name, description, category, price) VALUES ('RHNAM-250', 'Red Hat Matte Black Camper Mug', '12 oz double wall 18/8 stainless steel thermal mug with copper vacuum insulation, stainless steel rim, clear push-on lid, swivel closure, and powder coated finish; Hand wash recommended; Do not microwave; 4"" h x 4-3/4 w (with handle).', 2, 16.99);
INSERT INTO catalog (item_id, name, description, category, price) VALUES ('RHNAM-095-RED', 'Desk Gift Set', '"You''re an overachiever and you don''t believe in cutting corners. When it comes to your workspace, it''s obvious that you''re gonna need the whole kit and caboodle. The set comes in a white box with all of your favorite desk items. Items included:  Pen Cup, Stapler, Tape Dispenser, Tray and (3) pens in White, Black and Red.', 4, 26.50);
INSERT INTO catalog (item_id, name, description, category, price) VALUES ('RHNAM-240', 'Stojo Collapsible Silicone Bottle - 20 oz.', 'Collapsible 20 oz Stojo bottle. Holds 20 ounces of liquid when full and collapses into a sphere when empty (3.3"" high). The tethered screw-on cap creates a loop handle and can be attached to your bag strap or belt. When screwed on tightly, the cap creates an air-tight, leak-proof seal. Color: Cashmere.', 2, 20.00);
INSERT INTO catalog (item_id, name, description, category, price) VALUES ('RHNAM-054E-RED', 'Fedora Shaped Earrings', 'Fedora Shaped Earrings', 5, 46.00);
INSERT INTO catalog (item_id, name, description, category, price) VALUES ('RHNAM-252-BLK', 'JBL Live 460 Wireless NC Headphone', 'Feel the power of JBL Signature Sound delivered by 40mm drivers, enjoy the convenience of Adaptive Noise Cancelling and Smart Ambient technologies that allow you to focus on what matters for you, and talk to your favorite Voice Assistant with a tap on the ear cup. Dimensions: 9 x 8 x 2.2.', 6, 129.95);
INSERT INTO catalog (item_id, name, description, category, price) VALUES ('RHNAM-219-BLKGRY', 'Two-Tone Double-Layer Yoga Mat', 'This two-tone double-layer yoga mat offers excellent traction and is hypoallergenic, non-toxic and odor-free. Made of closed-cell themorplastic elastomer. Mat size: 24 1/8" W x 71" L', 7, 25.00);

INSERT INTO tag (tag_id, tag) VALUES (1, 'clothing');
INSERT INTO tag (tag_id, tag) VALUES (2, 'handbag');
INSERT INTO tag (tag_id, tag) VALUES (3, 'jacket');
INSERT INTO tag (tag_id, tag) VALUES (4, 'mug');
INSERT INTO tag (tag_id, tag) VALUES (5, 'coffee cup');
INSERT INTO tag (tag_id, tag) VALUES (6, 'fedora');
INSERT INTO tag (tag_id, tag) VALUES (7, 'hat');
INSERT INTO tag (tag_id, tag) VALUES (8, 'bottle');
INSERT INTO tag (tag_id, tag) VALUES (9, 'backpack');
INSERT INTO tag (tag_id, tag) VALUES (10, 'socks');
INSERT INTO tag (tag_id, tag) VALUES (11, 'pen');
INSERT INTO tag (tag_id, tag) VALUES (12, 'office supplies');
INSERT INTO tag (tag_id, tag) VALUES (13, 'adhesive tape');
INSERT INTO tag (tag_id, tag) VALUES (14, 'stapler');
INSERT INTO tag (tag_id, tag) VALUES (15, 'pencil case');
INSERT INTO tag (tag_id, tag) VALUES (16, 'earrings');
INSERT INTO tag (tag_id, tag) VALUES (17, 'fashion accessory');
INSERT INTO tag (tag_id, tag) VALUES (18, 'headphones');
INSERT INTO tag (tag_id, tag) VALUES (19, 'sports equipment');
INSERT INTO tag (tag_id, tag) VALUES (20, 't-shirt');
INSERT INTO tag (tag_id, tag) VALUES (21, 'uni');
INSERT INTO tag (tag_id, tag) VALUES (22, 'utensils');
INSERT INTO tag (tag_id, tag) VALUES (23, 'bag');
INSERT INTO tag (tag_id, tag) VALUES (24, 'cap');
INSERT INTO tag (tag_id, tag) VALUES (25, 'men');
INSERT INTO tag (tag_id, tag) VALUES (26, 'women');
INSERT INTO tag (tag_id, tag) VALUES (27, 'pin');
INSERT INTO tag (tag_id, tag) VALUES (28, 'lanyard');
INSERT INTO tag (tag_id, tag) VALUES (29, 'keychain');
INSERT INTO tag (tag_id, tag) VALUES (30, 'headphones');
INSERT INTO tag (tag_id, tag) VALUES (31, 'mat');

INSERT INTO catalog_tag (item_id,tag_id) VALUES ('329299', 1);
INSERT INTO catalog_tag (item_id,tag_id) VALUES ('329299', 20);
INSERT INTO catalog_tag (item_id,tag_id) VALUES ('329299', 21);
INSERT INTO catalog_tag (item_id,tag_id) VALUES ('329299', 25);
INSERT INTO catalog_tag (item_id,tag_id) VALUES ('329199', 1);
INSERT INTO catalog_tag (item_id,tag_id) VALUES ('329199', 20);
INSERT INTO catalog_tag (item_id,tag_id) VALUES ('329199', 21);
INSERT INTO catalog_tag (item_id,tag_id) VALUES ('329199', 25);
INSERT INTO catalog_tag (item_id,tag_id) VALUES ('165613', 1);
INSERT INTO catalog_tag (item_id,tag_id) VALUES ('165613', 10);
INSERT INTO catalog_tag (item_id,tag_id) VALUES ('165613', 21);
INSERT INTO catalog_tag (item_id,tag_id) VALUES ('165614', 8);
INSERT INTO catalog_tag (item_id,tag_id) VALUES ('165614', 22);
INSERT INTO catalog_tag (item_id,tag_id) VALUES ('165954', 9);
INSERT INTO catalog_tag (item_id,tag_id) VALUES ('165954', 23);
INSERT INTO catalog_tag (item_id,tag_id) VALUES ('444434', 1);
INSERT INTO catalog_tag (item_id,tag_id) VALUES ('444434', 20);
INSERT INTO catalog_tag (item_id,tag_id) VALUES ('444434', 21);
INSERT INTO catalog_tag (item_id,tag_id) VALUES ('444434', 25);
INSERT INTO catalog_tag (item_id,tag_id) VALUES ('444435', 1);
INSERT INTO catalog_tag (item_id,tag_id) VALUES ('444435', 24);
INSERT INTO catalog_tag (item_id,tag_id) VALUES ('RHNL-006', 1);
INSERT INTO catalog_tag (item_id,tag_id) VALUES ('RHNL-006', 20);
INSERT INTO catalog_tag (item_id,tag_id) VALUES ('RHNL-006', 21);
INSERT INTO catalog_tag (item_id,tag_id) VALUES ('RHNL-006', 25);
INSERT INTO catalog_tag (item_id,tag_id) VALUES ('RHNL-018', 1);
INSERT INTO catalog_tag (item_id,tag_id) VALUES ('RHNL-018', 20);
INSERT INTO catalog_tag (item_id,tag_id) VALUES ('RHNL-018', 21);
INSERT INTO catalog_tag (item_id,tag_id) VALUES ('RHNL-018', 25);
INSERT INTO catalog_tag (item_id,tag_id) VALUES ('RHNL-007', 1);
INSERT INTO catalog_tag (item_id,tag_id) VALUES ('RHNL-007', 25);
INSERT INTO catalog_tag (item_id,tag_id) VALUES ('RHNL-017', 1);
INSERT INTO catalog_tag (item_id,tag_id) VALUES ('RHNL-017', 21);
INSERT INTO catalog_tag (item_id,tag_id) VALUES ('RHNL-017', 25);
INSERT INTO catalog_tag (item_id,tag_id) VALUES ('RHNL-009', 1);
INSERT INTO catalog_tag (item_id,tag_id) VALUES ('RHNL-009', 3);
INSERT INTO catalog_tag (item_id,tag_id) VALUES ('RHNL-009', 21);
INSERT INTO catalog_tag (item_id,tag_id) VALUES ('RHNL-011', 2);
INSERT INTO catalog_tag (item_id,tag_id) VALUES ('RHNL-011', 23);
INSERT INTO catalog_tag (item_id,tag_id) VALUES ('RHNL-002', 4);
INSERT INTO catalog_tag (item_id,tag_id) VALUES ('RHNL-002', 5);
INSERT INTO catalog_tag (item_id,tag_id) VALUES ('RHNL-002', 22);
INSERT INTO catalog_tag (item_id,tag_id) VALUES ('RHNL-004', 5);
INSERT INTO catalog_tag (item_id,tag_id) VALUES ('RHNL-004', 22);
INSERT INTO catalog_tag (item_id,tag_id) VALUES ('RHNL-016', 5);
INSERT INTO catalog_tag (item_id,tag_id) VALUES ('RHNL-016', 22);
INSERT INTO catalog_tag (item_id,tag_id) VALUES ('RHNL-005', 8);
INSERT INTO catalog_tag (item_id,tag_id) VALUES ('RHNL-005', 22);
INSERT INTO catalog_tag (item_id,tag_id) VALUES ('RHNL-015', 17);
INSERT INTO catalog_tag (item_id,tag_id) VALUES ('RHNAM-257', 27);
INSERT INTO catalog_tag (item_id,tag_id) VALUES ('RHNAM-257', 17);
INSERT INTO catalog_tag (item_id,tag_id) VALUES ('RHNAM-023E-RED', 1);
INSERT INTO catalog_tag (item_id,tag_id) VALUES ('RHNAM-023E-RED', 24);
INSERT INTO catalog_tag (item_id,tag_id) VALUES ('RHNAM-234', 1);
INSERT INTO catalog_tag (item_id,tag_id) VALUES ('RHNAM-234', 20);
INSERT INTO catalog_tag (item_id,tag_id) VALUES ('RHNAM-234', 26);
INSERT INTO catalog_tag (item_id,tag_id) VALUES ('RHNAM-233', 1);
INSERT INTO catalog_tag (item_id,tag_id) VALUES ('RHNAM-233', 20);
INSERT INTO catalog_tag (item_id,tag_id) VALUES ('RHNAM-233', 21);
INSERT INTO catalog_tag (item_id,tag_id) VALUES ('RHNAM-231', 1);
INSERT INTO catalog_tag (item_id,tag_id) VALUES ('RHNAM-231', 24);
INSERT INTO catalog_tag (item_id,tag_id) VALUES ('RHNAM-232', 1);
INSERT INTO catalog_tag (item_id,tag_id) VALUES ('RHNAM-232', 24);
INSERT INTO catalog_tag (item_id,tag_id) VALUES ('RHNAM-232', 26);
INSERT INTO catalog_tag (item_id,tag_id) VALUES ('RHNAM-465', 1);
INSERT INTO catalog_tag (item_id,tag_id) VALUES ('RHNAM-465', 20);
INSERT INTO catalog_tag (item_id,tag_id) VALUES ('RHNAM-465', 21);
INSERT INTO catalog_tag (item_id,tag_id) VALUES ('RHNAM-255', 1);
INSERT INTO catalog_tag (item_id,tag_id) VALUES ('RHNAM-255', 20);
INSERT INTO catalog_tag (item_id,tag_id) VALUES ('RHNAM-255', 21);
INSERT INTO catalog_tag (item_id,tag_id) VALUES ('RHNAM-179', 1);
INSERT INTO catalog_tag (item_id,tag_id) VALUES ('RHNAM-179', 21);
INSERT INTO catalog_tag (item_id,tag_id) VALUES ('RHNAM-179', 24);
INSERT INTO catalog_tag (item_id,tag_id) VALUES ('RHNAM-222', 1);
INSERT INTO catalog_tag (item_id,tag_id) VALUES ('RHNAM-222', 20);
INSERT INTO catalog_tag (item_id,tag_id) VALUES ('RHNAM-222', 21);
INSERT INTO catalog_tag (item_id,tag_id) VALUES ('RHNAM-245', 11);
INSERT INTO catalog_tag (item_id,tag_id) VALUES ('RHNAM-245', 12);
INSERT INTO catalog_tag (item_id,tag_id) VALUES ('RHNAM-249', 12);
INSERT INTO catalog_tag (item_id,tag_id) VALUES ('RHNAM-249', 28);
INSERT INTO catalog_tag (item_id,tag_id) VALUES ('RHNAM-094-WHT', 12);
INSERT INTO catalog_tag (item_id,tag_id) VALUES ('RHNAM-042E', 17);
INSERT INTO catalog_tag (item_id,tag_id) VALUES ('RHNAM-042E', 29);
INSERT INTO catalog_tag (item_id,tag_id) VALUES ('RHNAM-239', 12);
INSERT INTO catalog_tag (item_id,tag_id) VALUES ('RHNAM-250', 4);
INSERT INTO catalog_tag (item_id,tag_id) VALUES ('RHNAM-250', 5);
INSERT INTO catalog_tag (item_id,tag_id) VALUES ('RHNAM-250', 22);
INSERT INTO catalog_tag (item_id,tag_id) VALUES ('RHNAM-095-RED', 11);
INSERT INTO catalog_tag (item_id,tag_id) VALUES ('RHNAM-095-RED', 12);
INSERT INTO catalog_tag (item_id,tag_id) VALUES ('RHNAM-095-RED', 13);
INSERT INTO catalog_tag (item_id,tag_id) VALUES ('RHNAM-095-RED', 14);
INSERT INTO catalog_tag (item_id,tag_id) VALUES ('RHNAM-095-RED', 15);
INSERT INTO catalog_tag (item_id,tag_id) VALUES ('RHNAM-240', 8);
INSERT INTO catalog_tag (item_id,tag_id) VALUES ('RHNAM-240', 22);
INSERT INTO catalog_tag (item_id,tag_id) VALUES ('RHNAM-054E-RED', 16);
INSERT INTO catalog_tag (item_id,tag_id) VALUES ('RHNAM-054E-RED', 17);
INSERT INTO catalog_tag (item_id,tag_id) VALUES ('RHNAM-252-BLK', 18);
INSERT INTO catalog_tag (item_id,tag_id) VALUES ('RHNAM-252-BLK', 30);
INSERT INTO catalog_tag (item_id,tag_id) VALUES ('RHNAM-219-BLKGRY', 19);
INSERT INTO catalog_tag (item_id,tag_id) VALUES ('RHNAM-219-BLKGRY', 31);
INSERT INTO catalog_tag (item_id,tag_id) VALUES ('RHNL-008', 12);
INSERT INTO catalog_tag (item_id,tag_id) VALUES ('444437', 12);
